name,email,order_number,thumbnail,ship_date,quantity,product,total
andrea blanco,andrea.blanco@example.com,1424937127,https://randomuser.me/api/portraits/thumb/women/70.jpg,2016-01-13 17:36:04,8,Tickets,$431.86
kaya candan,kaya.candan@example.com,1074016975,https://randomuser.me/api/portraits/thumb/men/79.jpg,2016-03-17 22:33:39,1,Tickets,$880.19
elouan michel,elouan.michel@example.com,1293250627,https://randomuser.me/api/portraits/thumb/men/40.jpg,2016-04-26 12:14:30,6,Tickets,$233.28
luis iglesias,luis.iglesias@example.com,1241413504,https://randomuser.me/api/portraits/thumb/men/62.jpg,2016-01-05 20:31:17,1,Tickets,$570.54
دانیال نجاتی,دانیال.نجاتی@example.com,1001951357,https://randomuser.me/api/portraits/thumb/men/51.jpg,2015-07-24 22:21:19,6,Tickets,$266.58
phyllis johnston,phyllis.johnston@example.com,1437779240,https://randomuser.me/api/portraits/thumb/women/13.jpg,2015-09-23 12:07:41,1,Tickets,$700.27
charlene byrd,charlene.byrd@example.com,1235747134,https://randomuser.me/api/portraits/thumb/women/77.jpg,2016-05-18 13:39:41,8,Tickets,$141.60
joury steur,joury.steur@example.com,1014247147,https://randomuser.me/api/portraits/thumb/men/28.jpg,2015-12-27 06:21:35,2,Tickets,$590.30
barış alpuğan,barış.alpuğan@example.com,966388330,https://randomuser.me/api/portraits/thumb/men/28.jpg,2015-07-04 21:22:56,2,Tickets,$215.68
aras den elzen,aras.denelzen@example.com,1208111605,https://randomuser.me/api/portraits/thumb/men/39.jpg,2016-02-20 05:16:26,7,Tickets,$123.54
alfred witt,alfred.witt@example.com,1246990186,https://randomuser.me/api/portraits/thumb/men/41.jpg,2016-02-04 17:21:38,9,Tickets,$544.90
helmi neva,helmi.neva@example.com,1198363476,https://randomuser.me/api/portraits/thumb/women/92.jpg,2016-04-06 22:51:53,6,Tickets,$841.88
پارمیس نكو نظر,پارمیس.نكونظر@example.com,1348225211,https://randomuser.me/api/portraits/thumb/women/79.jpg,2015-09-29 23:36:17,7,Tickets,$426.86
everalda santos,everalda.santos@example.com,1426341312,https://randomuser.me/api/portraits/thumb/women/75.jpg,2015-10-04 06:42:17,1,Tickets,$504.50
awa bremmers,awa.bremmers@example.com,1344847238,https://randomuser.me/api/portraits/thumb/women/12.jpg,2015-10-15 22:56:42,4,Tickets,$47.16
signe jensen,signe.jensen@example.com,1162611035,https://randomuser.me/api/portraits/thumb/women/96.jpg,2015-09-23 00:18:55,6,Tickets,$56.88
tara schön,tara.schön@example.com,1130829868,https://randomuser.me/api/portraits/thumb/women/59.jpg,2016-03-20 01:52:39,8,Tickets,$99.86
آوین جعفری,آوین.جعفری@example.com,1326250913,https://randomuser.me/api/portraits/thumb/women/65.jpg,2015-10-23 21:38:19,9,Tickets,$417.69
ella petersen,ella.petersen@example.com,1107175884,https://randomuser.me/api/portraits/thumb/women/64.jpg,2016-05-12 18:52:44,9,Tickets,$722.81
arturo flores,arturo.flores@example.com,1361663509,https://randomuser.me/api/portraits/thumb/men/76.jpg,2015-09-17 16:46:37,4,Tickets,$616.18
lauren walters,lauren.walters@example.com,1329268341,https://randomuser.me/api/portraits/thumb/women/69.jpg,2016-03-06 17:37:33,8,Tickets,$458.16
آرش قاسمی,آرش.قاسمی@example.com,1382282820,https://randomuser.me/api/portraits/thumb/men/43.jpg,2015-08-24 07:21:53,8,Tickets,$222.45
alvaro muñoz,alvaro.muñoz@example.com,1316751208,https://randomuser.me/api/portraits/thumb/men/89.jpg,2016-03-23 16:02:23,6,Tickets,$159.14
susana nieto,susana.nieto@example.com,1327125039,https://randomuser.me/api/portraits/thumb/women/42.jpg,2016-05-17 07:39:57,5,Tickets,$653.72
isildo ferreira,isildo.ferreira@example.com,1328990246,https://randomuser.me/api/portraits/thumb/men/73.jpg,2016-03-20 17:14:50,4,Tickets,$196.53
olivia møller,olivia.møller@example.com,1424409056,https://randomuser.me/api/portraits/thumb/women/94.jpg,2015-07-10 15:50:19,6,Tickets,$433.16
scarlett walker,scarlett.walker@example.com,1282828029,https://randomuser.me/api/portraits/thumb/women/13.jpg,2016-03-11 22:42:34,1,Tickets,$795.85
ana benitez,ana.benitez@example.com,1217821314,https://randomuser.me/api/portraits/thumb/women/66.jpg,2016-06-11 04:59:31,7,Tickets,$31.75
allie boyd,allie.boyd@example.com,1133736826,https://randomuser.me/api/portraits/thumb/women/6.jpg,2016-01-03 10:57:58,4,Tickets,$425.90
beatrice thomas,beatrice.thomas@example.com,918356087,https://randomuser.me/api/portraits/thumb/women/28.jpg,2016-03-23 19:02:05,4,Tickets,$33.67
yasemin mayhoş,yasemin.mayhoş@example.com,1236870136,https://randomuser.me/api/portraits/thumb/women/13.jpg,2015-11-23 21:17:57,4,Tickets,$228.46
karla vetter,karla.vetter@example.com,1394570883,https://randomuser.me/api/portraits/thumb/women/29.jpg,2015-10-24 13:38:09,5,Tickets,$975.17
rita hale,rita.hale@example.com,1274976345,https://randomuser.me/api/portraits/thumb/women/22.jpg,2015-07-19 05:53:20,4,Tickets,$586.82
caroline christensen,caroline.christensen@example.com,1409783304,https://randomuser.me/api/portraits/thumb/women/59.jpg,2015-08-03 05:14:24,4,Tickets,$09.82
lynn rogers,lynn.rogers@example.com,1141026413,https://randomuser.me/api/portraits/thumb/women/52.jpg,2015-07-02 11:54:34,5,Tickets,$704.22
emilia tuominen,emilia.tuominen@example.com,998850933,https://randomuser.me/api/portraits/thumb/women/45.jpg,2016-03-26 14:39:40,6,Tickets,$334.09
charles dunne,charles.dunne@example.com,1396848642,https://randomuser.me/api/portraits/thumb/men/10.jpg,2016-02-22 05:01:58,8,Clothes,$34.95
addison chan,addison.chan@example.com,967381594,https://randomuser.me/api/portraits/thumb/women/2.jpg,2016-02-24 15:07:49,6,Clothes,$315.93
الینا یاسمی,الینا.یاسمی@example.com,1413804512,https://randomuser.me/api/portraits/thumb/women/47.jpg,2015-09-09 14:30:25,2,Clothes,$41.64
babür tahincioğlu,babür.tahincioğlu@example.com,1285701570,https://randomuser.me/api/portraits/thumb/men/44.jpg,2015-07-07 08:34:04,4,Clothes,$191.78
الینا کوتی,الینا.کوتی@example.com,1296447029,https://randomuser.me/api/portraits/thumb/women/72.jpg,2016-04-17 14:08:56,8,Clothes,$385.08
melike kocabıyık,melike.kocabıyık@example.com,1413939852,https://randomuser.me/api/portraits/thumb/women/48.jpg,2016-02-04 06:19:42,8,Clothes,$710.39
emilie gaillard,emilie.gaillard@example.com,1022827369,https://randomuser.me/api/portraits/thumb/women/23.jpg,2015-10-22 06:32:30,1,Clothes,$404.35
laura hanke,laura.hanke@example.com,1401902702,https://randomuser.me/api/portraits/thumb/women/14.jpg,2016-02-21 22:29:58,4,Clothes,$257.50
amelia marshall,amelia.marshall@example.com,979437961,https://randomuser.me/api/portraits/thumb/women/82.jpg,2016-06-09 12:11:31,8,Clothes,$388.90
anthony bélanger,anthony.bélanger@example.com,1436395161,https://randomuser.me/api/portraits/thumb/men/34.jpg,2016-05-30 17:12:34,4,Clothes,$594.68
evandra lopes,evandra.lopes@example.com,1084124808,https://randomuser.me/api/portraits/thumb/women/58.jpg,2016-04-15 05:50:53,9,Clothes,$387.16
elias nielsen,elias.nielsen@example.com,1299815865,https://randomuser.me/api/portraits/thumb/men/4.jpg,2016-05-15 16:46:27,4,Clothes,$535.13
mille johansen,mille.johansen@example.com,1298598354,https://randomuser.me/api/portraits/thumb/men/62.jpg,2015-06-25 08:51:56,4,Clothes,$432.53
ceyhan düşenkalkar,ceyhan.düşenkalkar@example.com,1225823023,https://randomuser.me/api/portraits/thumb/women/40.jpg,2015-12-01 11:58:56,5,Clothes,$516.90
samu wiitala,samu.wiitala@example.com,1190905203,https://randomuser.me/api/portraits/thumb/men/78.jpg,2015-07-26 13:47:20,4,Clothes,$665.29
brianna kelley,brianna.kelley@example.com,1010509104,https://randomuser.me/api/portraits/thumb/women/73.jpg,2015-09-30 12:17:11,5,Clothes,$908.12
zachary macdonald,zachary.macdonald@example.com,968948379,https://randomuser.me/api/portraits/thumb/men/21.jpg,2015-07-25 07:00:21,3,Clothes,$845.62
vicky gardner,vicky.gardner@example.com,1034906105,https://randomuser.me/api/portraits/thumb/women/47.jpg,2016-05-03 14:05:53,2,Clothes,$195.42
francisco garcia,francisco.garcia@example.com,1326756458,https://randomuser.me/api/portraits/thumb/men/80.jpg,2016-03-05 17:18:21,1,Clothes,$530.69
clementine gast,clementine.gast@example.com,1393066438,https://randomuser.me/api/portraits/thumb/women/27.jpg,2015-12-13 18:02:18,8,Clothes,$762.77
emilie ambrose,emilie.ambrose@example.com,1057693296,https://randomuser.me/api/portraits/thumb/women/93.jpg,2015-08-06 07:01:13,6,Clothes,$711.63
abigail turner,abigail.turner@example.com,927472122,https://randomuser.me/api/portraits/thumb/women/27.jpg,2016-02-24 09:11:08,5,Clothes,$48.96
roanne heere,roanne.heere@example.com,1416319484,https://randomuser.me/api/portraits/thumb/women/51.jpg,2015-06-16 13:54:35,1,Clothes,$498.98
elias pollari,elias.pollari@example.com,991459602,https://randomuser.me/api/portraits/thumb/men/66.jpg,2015-06-20 05:23:50,2,Clothes,$838.25
eemil sippola,eemil.sippola@example.com,1095859114,https://randomuser.me/api/portraits/thumb/men/15.jpg,2016-03-17 16:13:12,4,Clothes,$493.56
joona rantala,joona.rantala@example.com,999924895,https://randomuser.me/api/portraits/thumb/men/6.jpg,2016-05-29 02:42:36,3,Clothes,$272.01
rocio mora,rocio.mora@example.com,1202127339,https://randomuser.me/api/portraits/thumb/women/4.jpg,2016-05-28 03:07:18,4,Clothes,$473.61
claude dean,claude.dean@example.com,1194950747,https://randomuser.me/api/portraits/thumb/men/65.jpg,2015-12-06 15:21:04,9,Clothes,$78.28
evelyn harris,evelyn.harris@example.com,984324032,https://randomuser.me/api/portraits/thumb/women/66.jpg,2016-05-26 22:59:17,5,Lizards,$32.60
wallace murray,wallace.murray@example.com,1274854988,https://randomuser.me/api/portraits/thumb/men/86.jpg,2015-12-29 19:14:35,4,Lizards,$12.00
bennet roordink,bennet.roordink@example.com,1077920968,https://randomuser.me/api/portraits/thumb/men/90.jpg,2015-11-06 15:50:47,6,Lizards,$81.41
dave day,dave.day@example.com,1286931290,https://randomuser.me/api/portraits/thumb/men/61.jpg,2015-11-07 21:55:01,1,Lizards,$88.51
grace hughes,grace.hughes@example.com,1430477768,https://randomuser.me/api/portraits/thumb/women/44.jpg,2015-11-25 18:12:23,4,Lizards,$29.47
eden morris,eden.morris@example.com,1321036988,https://randomuser.me/api/portraits/thumb/women/9.jpg,2015-08-07 14:29:32,1,Lizards,$86.32
sam gordon,sam.gordon@example.com,935947374,https://randomuser.me/api/portraits/thumb/women/33.jpg,2016-04-12 00:10:00,7,Lizards,$32.31
hudson moore,hudson.moore@example.com,1354111016,https://randomuser.me/api/portraits/thumb/men/32.jpg,2015-10-02 09:00:53,2,Lizards,$70.13
marcelino van doormaal,marcelino.vandoormaal@example.com,1328641885,https://randomuser.me/api/portraits/thumb/men/66.jpg,2015-10-19 02:37:55,4,Lizards,$57.67
alicia sanchez,alicia.sanchez@example.com,1320117994,https://randomuser.me/api/portraits/thumb/women/60.jpg,2016-03-25 03:14:48,4,Lizards,$7.66
roberto martin,roberto.martin@example.com,1418876225,https://randomuser.me/api/portraits/thumb/men/55.jpg,2015-07-07 15:30:49,7,Lizards,$12.95
diego muñoz,diego.muñoz@example.com,1378082598,https://randomuser.me/api/portraits/thumb/men/62.jpg,2016-03-09 23:51:36,8,Lizards,$39.37
frederik renner,frederik.renner@example.com,1351077561,https://randomuser.me/api/portraits/thumb/men/70.jpg,2015-12-02 15:20:41,5,Lizards,$15.80
anthony lévesque,anthony.lévesque@example.com,1285794384,https://randomuser.me/api/portraits/thumb/men/32.jpg,2015-10-22 17:23:54,6,Lizards,$46.50
anaëlle renard,anaëlle.renard@example.com,1026299960,https://randomuser.me/api/portraits/thumb/women/2.jpg,2016-04-19 04:06:28,6,Lizards,$57.81
اميرحسين حسینی,اميرحسين.حسینی@example.com,920210649,https://randomuser.me/api/portraits/thumb/men/2.jpg,2016-01-05 13:44:39,2,Lizards,$46.34
douglas brown,douglas.brown@example.com,1284240805,https://randomuser.me/api/portraits/thumb/men/73.jpg,2016-03-28 17:55:50,4,Lizards,$95.99
niklas saarela,niklas.saarela@example.com,1341688613,https://randomuser.me/api/portraits/thumb/men/81.jpg,2016-02-19 00:48:44,5,Lizards,$32.66
simon marx,simon.marx@example.com,959494164,https://randomuser.me/api/portraits/thumb/men/79.jpg,2015-08-18 07:51:38,4,Lizards,$18.50
vicky mckinney,vicky.mckinney@example.com,1397979368,https://randomuser.me/api/portraits/thumb/women/21.jpg,2016-06-02 07:54:45,7,Lizards,$1.15
arthur morin,arthur.morin@example.com,1259092012,https://randomuser.me/api/portraits/thumb/men/88.jpg,2015-09-19 05:53:17,5,Lizards,$39.78
hailey lavigne,hailey.lavigne@example.com,1227806719,https://randomuser.me/api/portraits/thumb/women/38.jpg,2016-03-11 01:54:48,8,Lizards,$2.05
daniel bowman,daniel.bowman@example.com,1272993016,https://randomuser.me/api/portraits/thumb/men/67.jpg,2015-08-28 07:19:48,2,Lizards,$41.65
veeti annala,veeti.annala@example.com,1002560784,https://randomuser.me/api/portraits/thumb/men/65.jpg,2015-08-04 01:35:40,3,Lizards,$85.48
leo edwards,leo.edwards@example.com,943042267,https://randomuser.me/api/portraits/thumb/men/27.jpg,2016-02-06 05:20:21,3,Lizards,$25.22
ethan taylor,ethan.taylor@example.com,1141544368,https://randomuser.me/api/portraits/thumb/men/40.jpg,2015-07-27 12:44:01,2,Jewelry,$2603.37
jesus fleming,jesus.fleming@example.com,1087357399,https://randomuser.me/api/portraits/thumb/men/66.jpg,2015-06-29 17:01:58,9,Jewelry,$6736.15
ayla kumar,ayla.kumar@example.com,1243694768,https://randomuser.me/api/portraits/thumb/women/1.jpg,2016-01-18 18:33:56,1,Jewelry,$9894.09
mason thomas,mason.thomas@example.com,1271360668,https://randomuser.me/api/portraits/thumb/men/52.jpg,2016-03-11 12:26:09,4,Jewelry,$9343.17
یاسمن زارعی,یاسمن.زارعی@example.com,1327846754,https://randomuser.me/api/portraits/thumb/women/94.jpg,2016-01-08 01:09:19,8,Jewelry,$4890.72
viktor herrmann,viktor.herrmann@example.com,1272719665,https://randomuser.me/api/portraits/thumb/men/61.jpg,2015-11-28 04:29:31,8,Jewelry,$5402.33
daniel smith,daniel.smith@example.com,1399979049,https://randomuser.me/api/portraits/thumb/men/38.jpg,2016-01-05 01:28:34,6,Jewelry,$844.40
gökhan aydan,gökhan.aydan@example.com,1309805185,https://randomuser.me/api/portraits/thumb/men/37.jpg,2015-07-27 09:30:43,8,Jewelry,$6403.07
alex moser,alex.moser@example.com,1274864058,https://randomuser.me/api/portraits/thumb/men/29.jpg,2015-09-12 18:24:25,1,Jewelry,$5576.14
marion bradley,marion.bradley@example.com,1242700709,https://randomuser.me/api/portraits/thumb/women/12.jpg,2016-06-01 19:15:35,3,Jewelry,$2592.44
silas hansen,silas.hansen@example.com,1369019381,https://randomuser.me/api/portraits/thumb/men/97.jpg,2015-09-21 18:42:19,4,Jewelry,$3817.37